Workbook

Sheet ilo patio puerto
C4: COMPARATIVO DE COSTOS B/T MOQUEGUA
C5: ILO PATIO PUERTO
D7: TRANSTOTAL | E7: % | F7: OBSERVACIONES
D8: US$
B9: A) | C9: Shifting Expenses
C10: Practicaje | D10: 3000 | E10: =+D10*100/D24 -> 16.059097 | F10: Tarifa Port Opeartions $ 1,500 por maniobra.
C11: Towage /Remolcaje | D11: 4600 | E11: =+D11*100/$D$24 -> 24.623949 | F11: Tarifa-PSA Marine $ 0.16 x Trb.8259
C12: Towage /Remolcaje | D12: 4000 | E12: =+D12*100/$D$24 -> 21.41213 | F12: Petranso Remolcadores Tarifa $ 0.1785 x Trb 8259 sujeta a 10% descuentos, posicionamiento $ 1400
C13: Recargos | D13: 1500 | E13: =+D13*100/$D$24 -> 8.0295487
B14: B) | C14: General Port Expenses | E14: =+D14*100/$D$24 -> 0
C15: Lighthouse Dues | D15: 891 | E15: =+D15*100/$D$24 -> 4.769552 | F15: Tarifa Direccion de Hidrografia y navegacion
C16: Dockage /Muellaje | D16: 1245 | E16: =+D16*100/$D$24 -> 6.6645255 | F16: SPCC, Tarifa deAmarre y desamarre $ 300.00 , y Muelle SPCC $ 0.05 x Trb x dia.
C17: Launch Hire. | D17: 1300 | E17: =+D17*100/$D$24 -> 6.9589422 | F17: Transtotal.Fija.Mooring /unmooring ,pilot,posicionamiento por maniobra/por lancha.
C18: Coordinator on board | D18: 225 | E18: =+D18*100/$D$24 -> 1.2044323 | F18: Transtotal. Tarifa Fija por Nave.
C19: Clearance (In/Out) | D19: 200 | E19: =+D19*100/$D$24 -> 1.0706065 | F19: Region Moquegua. Tarifa
C20: Sanitary Inspection (Reception/Dispatch) | D20: 520 | E20: =+D20*100/$D$24 -> 2.7835769 | F20: Tarifa fija según Sanidad maritima.
B21: C) | C21: Agency Expenses | E21: =+D21*100/$D$24 -> 0
C22: Agency Fee | D22: 1000 | E22: =+D22*100/$D$24 -> 5.3530325 | F22: Tarifa fija. Transtotal por Agenciamiento de Nave.
C23: Transportation | D23: 200 | E23: =+D23*100/$D$24 -> 1.0706065 | F23: Tarifa fija. Transtotal por Nave.
C24: T O T A L | D24: =SUM(D9:D23) -> 18681 | E24: =+D24*100/$D$24 -> 100
D26: 19181
C27: OBSERVACIONES : | D27: =+D26-D24 -> 500
C28: *INCLUYE MUELLAJE.
C29: *NO INCLUYE IGV.
C30: *NO INCLUYE RECARGOS PSA MARINE/PETRANSO
C31: Time in port (hrs) 30 -Carga de 13,500.00TN SUA.

Sheet MATARANI
E4: Moquegua | G4: Tablones | I4: Huemul | K4: Concon Trader
E6: Eslora : 134.16 mtrs. | F6: 134.16 | G6: Eslora : | H6: 158.8 | I6: Eslora : | J6: 161.12 | K6: Eslora : | L6: 145.53
E7: DW : 14,298.00 mtons. | G7: DW : | H7: 16533 | I7: DW : | J7: 22062 | K7: DW : | L7: 19823.15
E8: GRT : 8,259.00 mtons. | F8: 8259 | G8: GRT : | H8: 11365 | I8: GRT : | J8: 13666 | K8: GRT | L8: 11773
E9: carga | F9: 13500 | G9: carga | H9: 14500 | I9: carga | J9: 14500 | K9: carga | L9: 14500
E10: rtimo | F10: 500 | G10: rtimo | H10: 500 | I10: rtimo | J10: 500 | K10: rtimo | L10: 500
E11: horas | F11: =F9/F10+3+2 -> 32 | G11: horas | H11: =H9/H10+3+2 -> 34 | I11: horas | J11: =J9/J10+3+2 -> 34 | K11: horas | L11: =L9/L10+3+2 -> 34
E12: PAIS ORIGEN: | F12: Peru | G12: PAIS ORIGEN: | H12: Peru | I12: PAIS ORIGEN: | J12: Peru | K12: PAIS ORIGEN: | L12: Peru
C14: t/c
C15: ITEMS | D15: TARIFA | E15: CANTIDAD | F15: TRANSTOTAL | G15: CANTIDAD | H15: TRANSTOTAL | I15: CANTIDAD | J15: TRANSTOTAL | K15: CANTIDAD | L15: TRANSTOTAL | M15: OBSERVACIONES
F16: US$ | H16: US$ | J16: US$ | L16: US$
B17: A) | C17: Shifting Expenses
C18: Pilot + Tug Boats + Lancha para pilot(Servicio integral) | D18: 5550 | E18: 2 | F18: =D18*E18 -> 11100 | G18: 2 | H18: =D18*G18 -> 11100 | I18: 2 | J18: =D18*I18 -> 11100 | K18: 2 | L18: =D18*K18 -> 11100 | M18: Tarifa de servicio integral-PSA . Incluye Remolcaje , Practicaje , Lancha
C19: Recargo Servicio Integral Atraque/Desatraque - 25% | D19: 5550 | E19: 0.25 | F19: =D19*E19 -> 1387.5 | G19: 0.25 | H19: =D19*G19 -> 1387.5 | I19: 0.25 | J19: =D19*I19 -> 1387.5 | K19: 0.25 | L19: =D19*K19 -> 1387.5 | M19: Tarifa de servicio integral-PSA min .25% max 50%
C20: Recargo Servicio Integral Atraque/Desatraque - 50% | D20: 5550 | E20: 0.5 | F20: =D20*E20 -> 2775 | G20: 0.5 | H20: =D20*G20 -> 2775 | I20: 0.5 | J20: =D20*I20 -> 2775 | K20: 0.5 | L20: =D20*K20 -> 2775 | M20: Tarifa de servicio integral-PSA min .25% max 50%
C21: Cargo de Acceso | D21: 70 | E21: 4 | F21: =D21*E21 -> 280 | G21: 4 | H21: =D21*G21 -> 280 | I21: 4 | J21: =D21*I21 -> 280 | K21: 4 | L21: =D21*K21 -> 280 | M21: Tarifa de servicio integral-PSA . Acceso $ 70.00 + IGV
C22: Linesmen /amarre y desamarre | D22: 357.3 | E22: 1 | F22: =D22*E22 -> 357.3 | G22: 1 | H22: =D22*G22 -> 357.3 | I22: 1 | J22: =D22*I22 -> 357.3 | K22: 1 | L22: =D22*K22 -> 357.3
C23: Port toll /Land transport /terminal fee | D23: 75 | E23: 2 | F23: =D23*E23 -> 150 | G23: 2 | H23: =D23*G23 -> 150 | I23: 2 | J23: =D23*I23 -> 150 | K23: 2 | L23: =D23*K23 -> 150
B24: B) | C24: General Port Expenses
C25: Lighthouse Dues (Aplica si el buque viene de PUERTO NACIONAL) | D25: 0.03 | E25: =IF(F$12="Peru",$D$25,"") -> 0.03 | F25: =IF(E25="","",$D$25*F8) -> 247.77 | G25: =IF(H$12="Peru",$D$25,"") -> 0.03 | H25: =IF(G25="","",$D$25*H8) -> 340.95 | I25: =IF(J$12="Peru",$D$25,"") -> 0.03 | J25: =IF(I25="","",$D$25*J8) -> 409.98 | K25: =IF(L$12="Peru",$D$25,"") -> 0.03 | L25: =IF(K25="","",$D$25*L8) -> 353.19 | M25: Tarifa Direccion de Hidrografia y Navegacion.
C26: Lighthouse Dues (Aplica si el buque viene de PUERTO EXTRANJERO) | D26: 0.12 | E26: =IF(F$12="Peru",$D$26,"") -> 0.12 | F26: =IF(E26="","",$D$26*F8) -> 991.08 | G26: =IF(H$12="Peru",$D$26,"") -> 0.12 | H26: =IF(G26="","",$D$26*H8) -> 1363.8 | I26: =IF(J$12="Peru",$D$26,"") -> 0.12 | J26: =IF(I26="","",$D$26*J8) -> 1639.92 | K26: =IF(L$12="Peru",$D$26,"") -> 0.12 | L26: =IF(K26="","",$D$26*L8) -> 1412.76
C27: Dockage /Muellaje ( $0.65*LOA*Hr) | D27: 0.65 | E27: =F11 -> 32 | F27: =E27*$D$27*F6 -> 2790.528 | G27: =H11 -> 34 | H27: =G27*$D$27*H6 -> 3509.48 | I27: =J11 -> 34 | J27: =I27*$D$27*J6 -> 3560.752 | K27: =L11 -> 34 | L27: =K27*$D$27*L6 -> 3216.213 | M27: Tisur Tarifa $0.57 X Hora (24 )X Eslora
C28: Launch autoridades / Min 2 hrs | D28: 155 | E28: 2 | F28: =D28*E28 -> 310 | G28: 2 | H28: =D28*G28 -> 310 | I28: 2 | J28: =D28*I28 -> 310 | K28: 2 | L28: =D28*K28 -> 310 | M28: Tarifa de Transtotal.Fija.Mooring /unmooring por maniobra/por lancha.
C29: Sanitary Inspection (Reception/Dispatch) | D29: 670 | E29: 1 | F29: 670 | G29: 1 | H29: =D29*G29 -> 670 | I29: 1 | J29: =D29*I29 -> 670 | K29: 1 | L29: =D29*K29 -> 670 | M29: Tarifa Region Moquegua.
C30: Clearance (In/Out) | D30: 200 | E30: 1 | F30: 200 | G30: 1 | H30: =D30*G30 -> 200 | I30: 1 | J30: =D30*I30 -> 200 | K30: 1 | L30: =D30*K30 -> 200 | M30: Tarifa APN.
C31: Coordinator on board | D31: 225 | E31: 2 | F31: =D31*E31 -> 450 | G31: 2 | H31: =D31*G31 -> 450 | I31: 2 | J31: =D31*I31 -> 450 | K31: 2 | L31: =D31*K31 -> 450 | M31: USD$225* por dia + 18% IGV
B32: C) | C32: Agency Expenses
C33: Agency Fee | D33: 1100 | E33: 1 | F33: =D33 -> 1100 | G33: 1 | H33: =D33*G33 -> 1100 | I33: 1 | J33: =D33*I33 -> 1100 | K33: 1 | L33: =D33*K33 -> 1100 | M33: Tarifa fija Transtotal por Agenciamiento de Nave.
C34: Transportation (Autoridades,coordinador y personal operativo) | D34: 200 | E34: 1 | F34: =D34 -> 200 | G34: 1 | H34: =D34*G34 -> 200 | I34: 1 | J34: =D34*I34 -> 200 | K34: 1 | L34: =D34*K34 -> 200 | M34: Tarifa fija Transtotal
C35: Comunication | D35: 200 | E35: 1 | F35: =D35 -> 200 | G35: 1 | H35: =D35*G35 -> 200 | I35: 1 | J35: =D35*I35 -> 200 | K35: 1 | L35: =D35*K35 -> 200 | M35: Tarifa fija Transtotal
C37: T O T A L | F37: =SUM(F17:F35) -> 23209.178 | H37: =SUM(H17:H35) -> 24394.03 | J37: =SUM(J17:J35) -> 24790.452 | L37: =SUM(L17:L35) -> 24161.963
C40: OBSERVACIONES :
C41: *INCLUYE MUELLAJE.
C42: *NO INCLUYE IGV.
C43: Recargo Servicio Integral Atraque/Desatraque :
C44: 25% Lunes a Sábado( 1800 a 2400 hrs)
C45: 50% Lunes a Sábado( 0000 a 0700 hrs), Domingo y Feriados ( todo el día)

Sheet RESUMEN PERU
B2: COSTOS PORTUARIOS BT MOQUEGUA 2026 SIN IGV.
B4: PUERTOS DE DESTINO | D4: ILO | E4: ILO-PATIO PUERTO | F4: MATARANI | G4: MARCONA | H4: CALLAO
B5: TRANSTOTAL AGENCIA MARITIMA | D5: SIN IGV * | E5: SIN IGV * | F5: SIN IGV * | G5: SIN IGV * | H5: SIN IGV *
B6: * | D6: USD | E6: USD | F6: USD | G6: USD | H6: USD
B7: Transtotal Agencia Maritima. | D7: =+#REF!+#REF!+#REF!+#REF!+#REF!+#REF!+#REF!+#REF!+#REF! -> #REF! | E7: =+'ilo patio puerto'!D13+'ilo patio puerto'!D15+'ilo patio puerto'!D17+'ilo patio puerto'!D18+'ilo patio puerto'!D19+'ilo patio puerto'!D20+'ilo patio puerto'!D22+'ilo patio puerto'!D23 -> 5836 | F7: =+MATARANI!F25+MATARANI!F28+MATARANI!#REF!+MATARANI!F29+MATARANI!F30+MATARANI!F31+MATARANI!F33+MATARANI!F34 -> #REF! | G7: =+#REF!+#REF!+#REF!+#REF!+#REF!+#REF!+#REF! -> #REF! | H7: =+#REF!+#REF!+#REF!+#REF!+#REF!+#REF!+#REF! -> #REF!
B8: Port Operation & Services- Practicaje | D8: 3000 | E8: =+'ilo patio puerto'!D10 -> 3000
B9: Petranso-Petrolera Transoceanica | D9: =+#REF! -> #REF! | E9: =+'ilo patio puerto'!D12 -> 4000 | H9: =+#REF! -> #REF!
B10: Remolcaje PSA Marine | D10: =+#REF! -> #REF! | E10: =+'ilo patio puerto'!D11 -> 4600 | F10: =+MATARANI!#REF!+MATARANI!#REF!+MATARANI!F21 -> #REF! | G10: =+#REF! -> #REF!
B11: Southern /TISUR/APM | D11: =+#REF! -> #REF! | E11: =+'ilo patio puerto'!D16 -> 1245 | F11: =+MATARANI!F27 -> 2790.528 | H11: =+#REF! -> #REF!
B13: TOTAL USD | D13: =SUM(D7:D11) -> #REF! | E13: =SUM(E7:E11) -> 18681 | F13: =SUM(F7:F11) -> #REF! | G13: =SUM(G7:G11) -> #REF! | H13: =SUM(H7:H11) -> #REF!
B16: *TOTAL USD SIN MUELLAJE | D16: =+D13 -> #REF! | E16: =+E13 -> 18681 | F16: =+F13-F11 -> #REF! | G16: =+G13-G11 -> #REF! | H16: =+H13 -> #REF!
B20: * Informacion preparada en base a proformas y tarifas por Agente Maritimo Transtotal , Psa Marine,Petranso, TISUR,APM,Port Operation aplicables a partir de Febrero 2026.
B22: * No incluye IGV.
B23: * No incluye Muellaje
B24: * No incluye recargos.
B25: * Costo PSA Marine en Puerto Marcona ( sin incluir recargos )
B29: H/P Naviera Petral / Sandra Galvez
B30: =+TODAY() -> 46210

Sheet  RESUMEN CHILE
B2: COSTOS PORTUARIOS BT MOQUEGUA 2026
B6: PUERTOS DE DESTINO | D6: MEJILLONES | E6: MEJILLONES INTERACID | F6: TERQUIM | G6: BARQUITO
B7: B&M AGENTES MARITIMOS
B8: * | D8: USD | E8: USD | F8: USD | G8: USD
B9: B&M Agencia Maritima/Puerto Mejillones /Autoridad Maritima | D9: =42850-17000-10400 -> 15450 | E9: =+#REF!-#REF!-#REF! -> #REF! | F9: =+#REF!-#REF!-#REF! -> #REF! | G9: =+#REF!+#REF!+#REF!+#REF!+#REF!+#REF!+#REF!+#REF!+#REF!+#REF!+#REF! -> #REF!
B10: B&M / Dockage-Muellaje | D10: =+#REF! -> #REF! | E10: =+#REF! -> #REF! | F10: =+#REF! -> #REF! | G10: =+#REF! -> #REF!
B11: B&M /Remolcaje Stand by ULTRATUG | D11: =+#REF! -> #REF! | G11: =+#REF! -> #REF!
B12: B&M/Remolcaje ULTRATUG | D12: =+#REF! -> #REF! | E12: =+#REF! -> #REF! | F12: =+#REF! -> #REF! | G12: =+#REF! -> #REF!
B13: *TOTAL USD | D13: =SUM(D9:D12) -> #REF! | E13: =SUM(E9:E12) -> #REF! | F13: =SUM(F9:F12) -> #REF! | G13: =SUM(G9:G12) -> #REF!
B16: TOTAL USD SIN MUELLAJE-REMOLCAJE STAND BY BARQUITO | D16: =+D13-D10 -> #REF! | E16: =+E13-E10 -> #REF! | F16: =+F13-F10 -> #REF! | G16: =+G13-G10-G11 -> #REF!
B20: * Informacion preparada en base a proformas de Agente Maritimo B&M.
B22: * Incluye cargo de remolcadores correspondiente a regulacion local con tarifa correspondiente según acuerdo con remolcador Ultratug.
B23: para Barquito un aproximado de 40 horas de estadia.
B25: =+'RESUMEN PERU'!B29 -> H/P Naviera Petral / Sandra Galvez
B26: =+TODAY() -> 46210

Sheet Hoja2
B2: B&M AGENTES MARITIMOS | D2: 2017-2023 | E2: 2024 | F2: INCREMENTO
B3: Serv.Transporte Maritimo Atlantic Service. | D3: USD | E3: USD | F3: USD | H3: A. Detalle de servicios. USD 1,800 | L3: 1480 | M3: =+L3-1800 -> -320 | P3: 34 | R3: =+P3*320 -> 10880
B5: Servicio de lanchas marre, desamarre, recepcion , despacho | D5: 1480 | E5: 1800 | F5: =+E5-D5 -> 320 | H5: 2 lanchas para Amarra
B6: Recargos adicionales fondeo/horario normal / por hora | D6: 340 | E6: 340 | F6: =+E6-D6 -> 0 | H6: 1 lancha para desamarra
B7: Recargos adicionales viajes /horario normal / por hora | D7: 150 | E7: 150 | F7: =+E7-D7 -> 0
B8: Recargos adicionales fondeo / feriados y horas nocturnas/ por hora | D8: 510 | E8: 510 | F8: =+E8-D8 -> 0 | H8: 1 recepción
B9: Recargos adicionales por viajes / feriados y horas nocturnas/ por hora | D9: 220 | E9: 220 | F9: =+E9-D9 -> 0
B10: TOTAL USD | D10: =SUM(D5:D6) -> 1820 | E10: =SUM(E5:E6) -> 2140 | F10: =SUM(F5:F8) -> 320 | H10: 1 despacho
H12: B. Servicios adicionales
B13: H/P Naviera Petral | H13: Adicional horario normal (hábil)
B14: Enero 2024.
H15: Fondeo : USD 340 X HR | L15: 350
H16: Viajes : USD 150 X HR | L16: 150
H18: Adicional horario nocturno y festivos
H20: Fondeo : USD 510 X HR | L20: 510
H21: Viajes : USD 225 X HR. | L21: 220

Sheet Hoja1
C4: COMPARATIVO DE COSTOS B/T MOQUEGUA
C5: TERQUIM
D7: B&M | F7: OBSERVACIONES
D8: US$ | E8: %
B9: A) | C9: Shifting Expenses
C10: Towage. | D10: 10400 | E10: =+D10*100/$D$18 -> 46.436864 | F10: Tarifa Fija. 2024 $ 5,200 por maniobra mooring/unmooring- Remolcadores Ultratug Ltd.
B12: B) | C12: General Port Expenses
C13: Ligth Dues. | D13: 5000 | E13: =+D13*100/$D$18 -> 22.325415 | F13: USD 3.74 /GRT por año./3 viajes.
C14: Loading Master | D14: 3996 | E14: =+D14*100/$D$18 -> 17.842472 | F14: Tarifa fija según Puerto Mejillones.por nominacion usd 2401.90
B15: C) | C15: Agency Expenses
C16: Agency Fee | D16: 1200 | E16: =+D16*100/$D$18 -> 5.3580997 | F16: Tarifa fija.B&M por Agenciamiento de Nave.
C17: Hose conection | D17: 1800 | E17: =+D17*100/$D$18 -> 8.0371495
C18: T O T A L | D18: =SUM(D10:D17) -> 22396 | E18: =+D18*100/$D$18 -> 100
C21: OBSERVACIONES :
C22: *NO INCLUYE MUELLAJE
C23: *LIGHT DUES CHILE = USD 3.74 /GRT POR AÑO : USD 30,888.66
C24: * ADELANTOS POR CADA VIAJES MENSUALES $ 18,000.00 para B&M.
C25: *CARGA DE 13,500 TM -SUA

Sheet BOMAR PORT COST 2021-2024
B1: COSTOS PORTUARIOS 2021-2024
B2: BOMAR LYNX
B3: Mtons 13,500.00
B5: PUERTO DE DESTINO | D5: MEJILLONES | E5: MEJILLONES | F5: MEJILLONES | G5: MEJILLONES
B6: B&M AGENTES MARITIMOS | D6: 2021 | E6: 2022 | F6: 2023 | G6: 2024
B7: * | D7: USD | E7: USD | F7: USD | G7: USD
B8: B&M Agencia Maritima/Puerto Mejillones /Autoridad Maritima/Lanchas/Faros y Balizas/Pilot/Loading Master/Salud. | D8: 12500 | E8: 13000 | F8: =42850-17000-10400 -> 15450 | G8: 15450
B9: B&M / Dockage-Muellaje | D9: 15455 | E9: 16000 | F9: 16000 | G9: 17000
B10: B&M /Remolcaje Stand by ULTRATUG
B11: B&M /Lancha Stand by
B12: B&M/Remolcaje ULTRATUG * | D12: 8400 | E12: 9200 | F12: 10000 | G12: 10400
B13: *TOTAL USD | D13: =SUM(D8:D12) -> 36355 | E13: =SUM(E8:E12) -> 38200 | F13: =SUM(F8:F12) -> 41450 | G13: =SUM(G8:G12) -> 42850
B16: TOTAL USD SIN MUELLAJE | D16: =+D13-D9 -> 20900 | E16: =+E13-E9 -> 22200 | F16: =+F13-F9 -> 25450 | G16: =+G13-G9 -> 25850
C18: DIFERENCIAL POR AÑO USD | E18: =+E16-D16 -> 1300 | F18: =+F16-E16 -> 3250 | G18: =+G16-F16 -> 400
C21: DIFERENCIAL POR AÑO % | D21: =+D18*1/D16 -> 0 | E21: =+E18*1/E16 -> 0.058558559 | F21: =+F18*1/F16 -> 0.12770138 | G21: =+G18*1/G16 -> 0.015473888
B23: Nota: El incremento de tarifa en los costos se origina principalmente por el incremento de tarifa de Remolcaje con Ultratug.
B25: *Incluye cargo de remolcadores correspondiente a regulacion local, con tarifa correspondiente acuerdo con Ultratug vigente desde el mes de Agosto 2023 hasta Agosto 2024.
B26: ** De acuerdo a proformas de Agentes Maritimos B&M .
B28: H/P Naviera Petral
B29: 45292
